Last Round Average Time,Best Average Time,Last Round Single Time,Best Single Time,Rank,Number of Competitors,Rounds Competed,Number of Penalties,Name,Representation
6.6,5.42,5.13,4.11,8,272,4,0,Qixian Cao (曹岂娴),China
6.98,5.42,6.48,4.11,10,155,3,0,Qixian Cao (曹岂娴),China
6.29,5.42,4.94,4.11,4,193,3,0,Qixian Cao (曹岂娴),China
6.85,5.42,5.89,4.11,8,187,3,0,Qixian Cao (曹岂娴),China
5.71,5.42,4.88,4.11,2,191,3,0,Qixian Cao (曹岂娴),China
6.42,5.42,5.52,4.11,4,185,3,0,Qixian Cao (曹岂娴),China
6.21,5.42,5.45,4.11,4,135,3,0,Qixian Cao (曹岂娴),China
6.39,5.42,5.12,4.11,4,166,3,0,Qixian Cao (曹岂娴),China
6.54,5.42,5.62,4.11,7,192,3,0,Qixian Cao (曹岂娴),China
6.56,5.42,5.29,4.11,4,139,3,0,Qixian Cao (曹岂娴),China
6.85,5.42,6.09,4.11,5,180,4,1,Qixian Cao (曹岂娴),China
6.21,5.42,5.46,4.11,5,217,3,0,Qixian Cao (曹岂娴),China
6.28,5.42,6.05,4.11,3,247,3,0,Qixian Cao (曹岂娴),China
4.57,4.25,4.08,3.38,1,192,3,0,Yiheng Wang (王艺衡),China
4.85,4.25,4.09,3.38,1,165,4,0,Yiheng Wang (王艺衡),China
4.73,4.25,4.33,3.38,1,144,3,0,Yiheng Wang (王艺衡),China
4.88,4.25,4.54,3.38,1,272,4,0,Yiheng Wang (王艺衡),China
5.08,4.25,4.33,3.38,1,324,4,0,Yiheng Wang (王艺衡),China
5.04,4.25,4.33,3.38,1,171,4,0,Yiheng Wang (王艺衡),China
4.91,4.25,4.2,3.38,1,84,3,0,Yiheng Wang (王艺衡),China
4.79,4.25,4.19,3.38,1,54,3,0,Yiheng Wang (王艺衡),China
4.97,4.25,4.08,3.38,1,195,4,0,Yiheng Wang (王艺衡),China
4.91,4.25,4.0,3.38,1,135,3,0,Yiheng Wang (王艺衡),China
4.91,4.25,3.66,3.38,1,185,3,0,Yiheng Wang (王艺衡),China
5.05,4.25,4.31,3.38,1,281,3,1,Yiheng Wang (王艺衡),China
5.37,4.25,4.65,3.38,1,187,3,1,Yiheng Wang (王艺衡),China
5.94,4.25,5.12,3.38,2,193,3,0,Yiheng Wang (王艺衡),China
5.27,4.25,4.0,3.38,1,155,3,0,Yiheng Wang (王艺衡),China
5.25,4.25,4.49,3.38,1,56,3,1,Yiheng Wang (王艺衡),China
4.6,4.25,3.47,3.38,1,203,4,1,Yiheng Wang (王艺衡),China
5.06,4.25,4.07,3.38,1,144,3,0,Yiheng Wang (王艺衡),China
5.75,4.86,5.31,3.13,1,151,3,0,Max Park,United States
5.45,4.86,4.83,3.13,1,128,3,0,Max Park,United States
6.45,4.86,5.21,3.13,1,217,4,0,Max Park,United States
5.69,4.86,5.09,3.13,2,847,4,0,Max Park,United States
5.9,4.86,5.37,3.13,1,110,3,0,Max Park,United States
5.8,4.86,5.4,3.13,1,49,3,0,Max Park,United States
6.09,4.86,5.58,3.13,1,61,3,0,Max Park,United States
6.88,4.86,5.21,3.13,2,78,3,0,Max Park,United States
6.14,4.86,5.45,3.13,1,105,3,0,Max Park,United States
6.8,4.86,5.7,3.13,1,126,3,0,Max Park,United States
5.51,4.86,4.65,3.13,1,105,3,0,Max Park,United States
5.79,4.86,4.44,3.13,1,102,3,0,Max Park,United States
5.66,4.86,5.13,3.13,1,244,3,0,Max Park,United States
6.11,4.86,5.04,3.13,1,78,3,0,Max Park,United States
7.94,4.86,6.63,3.13,6,184,4,0,Max Park,United States
5.42,4.86,4.91,3.13,1,143,3,0,Max Park,United States
5.43,4.86,4.88,3.13,1,112,3,0,Max Park,United States
5.84,4.86,4.98,3.13,1,183,3,0,Max Park,United States
6.57,4.86,5.26,3.13,1,99,3,0,Max Park,United States
5.28,4.86,4.81,3.13,1,168,3,0,Max Park,United States
6.1,5.03,5.41,3.44,1,69,3,0,Luke Garrett,United States
6.61,5.03,4.83,3.44,1,40,3,0,Luke Garrett,United States
6.36,5.03,4.51,3.44,6,847,4,0,Luke Garrett,United States
6.5,5.03,5.47,3.44,7,27,3,0,Luke Garrett,United States
5.98,5.03,4.42,3.44,1,48,3,0,Luke Garrett,United States
6.03,5.03,5.6,3.44,2,359,4,0,Luke Garrett,United States
6.11,5.03,4.2,3.44,1,66,3,0,Luke Garrett,United States
5.85,5.03,5.15,3.44,1,112,3,0,Luke Garrett,United States
7.6,5.03,6.17,3.44,5,101,3,0,Luke Garrett,United States
5.68,5.03,5.33,3.44,1,53,3,0,Luke Garrett,United States
6.42,5.03,5.46,3.44,1,153,3,0,Luke Garrett,United States
6.22,5.03,4.62,3.44,1,57,3,0,Luke Garrett,United States
6.58,5.03,5.67,3.44,1,45,2,0,Luke Garrett,United States
6.37,5.03,4.76,3.44,1,80,3,0,Luke Garrett,United States
5.81,5.03,4.93,3.44,1,30,3,1,Luke Garrett,United States
5.46,5.03,4.95,3.44,1,112,3,0,Luke Garrett,United States
6.94,5.03,5.05,3.44,1,67,2,0,Luke Garrett,United States
6.52,5.03,5.29,3.44,1,70,3,0,Luke Garrett,United States
5.73,5.03,4.76,3.44,1,96,3,0,Luke Garrett,United States
6.29,5.03,5.24,3.44,1,75,3,0,Luke Garrett,United States
7.62,5.03,6.03,3.44,4,126,4,1,Luke Garrett,United States
5.66,5.03,4.84,3.44,1,77,3,0,Luke Garrett,United States
5.98,5.03,4.65,3.44,1,86,2,0,Luke Garrett,United States
5.65,5.03,4.89,3.44,1,96,3,0,Luke Garrett,United States
5.95,5.03,5.04,3.44,1,55,3,0,Luke Garrett,United States
6.04,5.03,4.68,3.44,1,108,3,1,Luke Garrett,United States
5.75,5.03,5.24,3.44,1,114,3,1,Luke Garrett,United States
5.94,5.03,5.4,3.44,1,67,3,0,Luke Garrett,United States
6.33,5.03,5.92,3.44,2,72,3,0,Luke Garrett,United States
5.87,5.03,4.69,3.44,1,78,3,0,Luke Garrett,United States
5.91,5.03,5.26,3.44,1,61,2,0,Luke Garrett,United States
5.34,5.03,4.71,3.44,1,109,3,1,Luke Garrett,United States
6.63,5.63,6.06,3.46,1,26,3,0,Aaron Huynh,United States
7.1,5.63,5.73,3.46,1,54,3,0,Aaron Huynh,United States
6.57,5.63,3.46,3.46,1,82,3,0,Aaron Huynh,United States
6.99,5.63,6.72,3.46,2,101,3,1,Aaron Huynh,United States
6.33,5.63,6.11,3.46,1,87,3,0,Aaron Huynh,United States
7.32,5.86,4.78,3.47,10,139,3,0,Yusheng Du (杜宇生),China
7.09,5.86,6.31,3.47,15,272,3,0,Yusheng Du (杜宇生),China
6.51,5.86,5.29,3.47,4,247,3,0,Yusheng Du (杜宇生),China
7.39,5.86,6.17,3.47,11,166,2,0,Yusheng Du (杜宇生),China
8.33,5.86,5.6,3.47,10,185,3,1,Yusheng Du (杜宇生),China
7.14,5.86,6.63,3.47,4,186,3,1,Yusheng Du (杜宇生),China
5.63,4.81,4.69,3.54,2,192,3,1,Xuanyi Geng (耿暄一),China
5.14,4.81,4.85,3.54,2,144,3,0,Xuanyi Geng (耿暄一),China
5.26,4.81,4.23,3.54,2,272,4,0,Xuanyi Geng (耿暄一),China
5.29,4.81,4.3,3.54,1,180,4,0,Xuanyi Geng (耿暄一),China
5.56,4.81,4.86,3.54,2,217,3,0,Xuanyi Geng (耿暄一),China
5.99,4.81,5.25,3.54,1,247,3,0,Xuanyi Geng (耿暄一),China
5.69,4.81,4.49,3.54,2,190,3,0,Xuanyi Geng (耿暄一),China
5.17,4.81,4.84,3.54,1,166,3,1,Xuanyi Geng (耿暄一),China
5.64,4.81,4.86,3.54,3,135,3,0,Xuanyi Geng (耿暄一),China
5.77,4.81,4.58,3.54,3,138,3,0,Xuanyi Geng (耿暄一),China
5.29,4.81,5.28,3.54,2,185,3,0,Xuanyi Geng (耿暄一),China
5.48,4.81,5.02,3.54,1,191,3,0,Xuanyi Geng (耿暄一),China
5.67,4.81,4.87,3.54,2,187,3,0,Xuanyi Geng (耿暄一),China
6.21,4.81,5.22,3.54,3,193,3,0,Xuanyi Geng (耿暄一),China
5.63,4.81,4.64,3.54,4,155,3,0,Xuanyi Geng (耿暄一),China
6.08,5.1,5.58,3.59,1,182,4,0,Matty Hiroto Inaba,United States
6.19,5.1,5.02,3.59,4,847,4,0,Matty Hiroto Inaba,United States
5.35,5.1,4.76,3.59,2,27,3,0,Matty Hiroto Inaba,United States
5.36,5.1,4.36,3.59,1,256,4,0,Matty Hiroto Inaba,United States
5.51,5.1,3.59,3.59,1,239,4,0,Matty Hiroto Inaba,United States
5.78,5.1,5.2,3.59,1,195,4,0,Matty Hiroto Inaba,United States
5.68,5.1,4.79,3.59,1,54,3,0,Matty Hiroto Inaba,United States
6.61,5.1,5.59,3.59,2,153,3,1,Matty Hiroto Inaba,United States
5.8,5.1,4.61,3.59,1,38,3,0,Matty Hiroto Inaba,United States
5.86,5.1,5.22,3.59,1,72,3,0,Matty Hiroto Inaba,United States
5.41,5.1,4.6,3.59,1,132,3,0,Matty Hiroto Inaba,United States
5.25,4.74,4.28,3.66,1,337,4,0,Tymon Kolasiński,Poland
5.92,4.74,5.42,3.66,1,1136,4,0,Tymon Kolasiński,Poland
4.94,4.74,4.64,3.66,1,847,4,0,Tymon Kolasiński,Poland
4.9,4.74,3.92,3.66,1,27,3,0,Tymon Kolasiński,Poland
5.29,4.74,4.79,3.66,1,128,4,0,Tymon Kolasiński,Poland
5.61,4.74,4.88,3.66,1,56,3,0,Tymon Kolasiński,Poland
4.74,4.74,3.79,3.66,1,98,3,0,Tymon Kolasiński,Poland
5.36,4.74,4.28,3.66,1,72,3,0,Tymon Kolasiński,Poland
5.57,4.74,5.11,3.66,1,183,4,0,Tymon Kolasiński,Poland
5.15,4.74,4.14,3.66,1,188,3,0,Tymon Kolasiński,Poland
5.22,4.74,4.5,3.66,1,126,4,0,Tymon Kolasiński,Poland
5.77,4.74,4.88,3.66,1,188,3,0,Tymon Kolasiński,Poland
5.51,4.74,5.05,3.66,1,67,3,0,Tymon Kolasiński,Poland
5.81,4.74,5.34,3.66,1,382,4,0,Tymon Kolasiński,Poland
5.53,4.74,5.32,3.66,1,64,3,0,Tymon Kolasiński,Poland
5.8,4.74,5.26,3.66,1,181,4,0,Tymon Kolasiński,Poland
7.09,6.27,6.33,3.74,1,33,3,0,Claudio Matias Cancino Bruna,Chile
7.38,6.27,6.51,3.74,6,287,4,1,Claudio Matias Cancino Bruna,Chile
7.72,6.27,6.17,3.74,1,55,2,0,Claudio Matias Cancino Bruna,Chile
7.43,6.27,7.01,3.74,1,38,3,2,Claudio Matias Cancino Bruna,Chile
8.23,6.27,7.12,3.74,2,29,3,0,Claudio Matias Cancino Bruna,Chile
7.97,6.27,6.17,3.74,1,43,3,0,Claudio Matias Cancino Bruna,Chile
7.69,6.27,6.51,3.74,2,62,3,0,Claudio Matias Cancino Bruna,Chile
7.21,6.27,5.19,3.74,1,42,2,0,Claudio Matias Cancino Bruna,Chile
7.05,6.27,5.99,3.74,1,19,3,1,Claudio Matias Cancino Bruna,Chile
6.71,6.27,5.57,3.74,1,16,2,0,Claudio Matias Cancino Bruna,Chile
6.74,6.27,5.9,3.74,1,68,3,1,Claudio Matias Cancino Bruna,Chile
7.27,6.27,6.54,3.74,1,39,3,0,Claudio Matias Cancino Bruna,Chile
7.39,6.27,6.63,3.74,1,55,3,0,Claudio Matias Cancino Bruna,Chile
7.1,6.27,6.4,3.74,1,22,3,0,Claudio Matias Cancino Bruna,Chile
7.5,6.27,5.85,3.74,1,46,3,0,Claudio Matias Cancino Bruna,Chile
7.26,6.27,6.52,3.74,1,46,3,1,Claudio Matias Cancino Bruna,Chile
6.65,6.27,5.81,3.74,1,39,3,0,Claudio Matias Cancino Bruna,Chile
7.24,6.27,6.66,3.74,1,76,3,0,Claudio Matias Cancino Bruna,Chile
7.74,6.27,7.01,3.74,1,60,3,0,Claudio Matias Cancino Bruna,Chile
7.27,5.58,5.92,3.79,2,103,3,0,Caleb Chen,United States
6.65,5.58,5.78,3.79,2,117,3,0,Caleb Chen,United States
6.71,5.58,3.79,3.79,1,90,3,0,Caleb Chen,United States
8,5.58,6.13,3.79,41,847,3,2,Caleb Chen,United States
6.82,5.58,4.84,3.79,8,27,3,0,Caleb Chen,United States
7.13,5.58,4.97,3.79,7,359,4,2,Caleb Chen,United States
5.63,5.58,4.67,3.79,1,56,2,0,Caleb Chen,United States
6.41,5.58,4.24,3.79,1,135,3,0,Caleb Chen,United States
7.29,5.58,6.57,3.79,2,65,3,2,Caleb Chen,United States
7.01,5.58,6.4,3.79,3,152,3,0,Caleb Chen,United States
6.74,5.58,5.73,3.79,2,91,3,0,Caleb Chen,United States
6.71,5.58,5.39,3.79,1,80,3,0,Caleb Chen,United States
6.95,5.58,5.75,3.79,1,91,3,0,Caleb Chen,United States
6.16,5.58,4.31,3.79,1,94,3,0,Caleb Chen,United States
6.22,5.58,5.57,3.79,1,136,3,0,Caleb Chen,United States
7.25,5.58,6.68,3.79,3,125,3,2,Caleb Chen,United States
6.05,5.58,4.96,3.79,1,107,2,0,Caleb Chen,United States
6.12,5.58,5.86,3.79,1,66,3,0,Caleb Chen,United States
6.46,5.99,5.39,3.86,1,183,4,0,Ryan Pilat,United States
6.59,5.99,6.05,3.86,2,182,4,0,Ryan Pilat,United States
6.65,5.99,5.26,3.86,9,847,4,0,Ryan Pilat,United States
6.78,5.99,5.02,3.86,12,27,2,0,Ryan Pilat,United States
7.41,5.99,6.79,3.86,1,89,3,1,Ryan Pilat,United States
6.74,5.99,5.94,3.86,1,60,3,0,Ryan Pilat,United States
8.26,5.99,5.82,3.86,2,132,4,0,Ryan Pilat,United States
6.83,5.99,5.76,3.86,1,70,3,0,Ryan Pilat,United States
6.85,5.99,6.32,3.86,1,103,3,1,Ryan Pilat,United States
7.5,5.99,6.34,3.86,2,54,3,1,Ryan Pilat,United States
6.86,5.99,5.62,3.86,2,177,4,0,Ryan Pilat,United States
7.1,5.99,5.73,3.86,2,104,4,0,Ryan Pilat,United States
7.37,5.99,6.54,3.86,1,34,3,0,Ryan Pilat,United States
7.45,5.99,6.08,3.86,3,184,4,0,Ryan Pilat,United States
7.23,5.99,6.7,3.86,1,62,3,0,Ryan Pilat,United States
6.22,5.99,5.71,3.86,1,95,3,0,Ryan Pilat,United States
7.15,5.99,6.17,3.86,2,117,4,0,Ryan Pilat,United States
6.85,5.99,5.92,3.86,1,59,3,0,Ryan Pilat,United States
6.67,5.99,5.96,3.86,1,139,4,0,Ryan Pilat,United States
6.92,5.99,5.91,3.86,1,124,3,1,Ryan Pilat,United States
5.29,5.09,3.86,3.86,1,139,3,0,Yufang Du (杜昱方),China
5.38,5.09,4.42,3.86,3,272,4,0,Yufang Du (杜昱方),China
5.89,5.09,5.15,3.86,4,217,3,0,Yufang Du (杜昱方),China
5.66,5.09,4.84,3.86,1,190,3,0,Yufang Du (杜昱方),China
5.53,5.09,5.12,3.86,2,135,3,0,Yufang Du (杜昱方),China
5.41,5.09,4.56,3.86,2,138,3,0,Yufang Du (杜昱方),China
5.54,5.09,4.74,3.86,2,281,3,0,Yufang Du (杜昱方),China
5.85,5.09,4.86,3.86,3,187,3,0,Yufang Du (杜昱方),China
5.31,5.09,4.79,3.86,2,155,3,0,Yufang Du (杜昱方),China
6.57,5.72,5.22,3.88,1,37,2,0,Jode Brewster,Australia
7.7,5.72,6.66,3.88,6,324,4,0,Jode Brewster,Australia
7.81,5.72,7.41,3.88,4,265,4,1,Jode Brewster,Australia
8.3,5.72,7.84,3.88,1,44,2,1,Jode Brewster,Australia
7.45,5.72,6.5,3.88,1,20,2,0,Jode Brewster,Australia
7.16,5.72,6.33,3.88,1,86,3,0,Jode Brewster,Australia
8.11,5.72,6.98,3.88,2,29,2,0,Jode Brewster,Australia
7.17,5.72,6.08,3.88,6,382,4,1,Jode Brewster,Australia
7.45,5.72,7.11,3.88,4,64,3,0,Jode Brewster,Australia
8.63,5.9,4.46,3.89,66,847,3,0,Asher Kim-Magierek,United States
7.3,5.9,7.12,3.89,6,256,4,0,Asher Kim-Magierek,United States
6.62,5.9,5.66,3.89,1,83,2,1,Asher Kim-Magierek,United States
7.02,5.9,6.09,3.89,2,115,3,1,Asher Kim-Magierek,United States
6.61,5.9,5.04,3.89,1,140,3,2,Asher Kim-Magierek,United States
6.73,5.9,5.9,3.89,2,90,3,1,Asher Kim-Magierek,United States
6.53,5.9,5.87,3.89,1,112,3,0,Asher Kim-Magierek,United States
5.51,5.16,4.42,3.95,3,144,3,0,Bofan Zhang (张博藩),China
6.09,5.16,5.17,3.95,6,272,4,0,Bofan Zhang (张博藩),China
5.71,5.16,4.98,3.95,2,180,4,0,Bofan Zhang (张博藩),China
5.8,5.16,5.38,3.95,4,190,3,1,Bofan Zhang (张博藩),China
5.25,5.16,4.44,3.95,1,138,3,1,Bofan Zhang (张博藩),China
6.01,5.16,5.37,3.95,3,191,3,0,Bofan Zhang (张博藩),China
5.56,5.16,5.18,3.95,3,155,3,0,Bofan Zhang (张博藩),China
5.38,4.84,4.0,4.0,1,287,4,0,Ruihang Xu (许瑞航),China
5.56,4.84,4.72,4.0,4,272,4,0,Ruihang Xu (许瑞航),China
5.54,4.84,5.42,4.0,1,217,3,0,Ruihang Xu (许瑞航),China
5.74,4.84,4.09,4.0,1,186,3,1,Ruihang Xu (许瑞航),China
7.83,6.55,5.36,4.02,3,65,3,0,Natthaphat Mahtani (ณัฐภัทร จี มาทานี),Thailand
8.47,6.55,7.29,4.02,3,117,3,0,Natthaphat Mahtani (ณัฐภัทร จี มาทานี),Thailand
7.34,6.55,6.16,4.02,2,84,3,0,Natthaphat Mahtani (ณัฐภัทร จี มาทานี),Thailand
7.66,6.55,5.56,4.02,3,88,2,0,Natthaphat Mahtani (ณัฐภัทร จี มาทานี),Thailand
7.55,6.55,6.91,4.02,3,107,3,0,Natthaphat Mahtani (ณัฐภัทร จี มาทานี),Thailand
7.11,6.55,5.41,4.02,2,114,3,0,Natthaphat Mahtani (ณัฐภัทร จี มาทานี),Thailand
8.39,6.55,7.4,4.02,4,124,3,1,Natthaphat Mahtani (ณัฐภัทร จี มาทานี),Thailand
8.39,6.55,6.51,4.02,4,155,3,0,Natthaphat Mahtani (ณัฐภัทร จี มาทานี),Thailand
8.21,6.55,7.27,4.02,4,98,3,0,Natthaphat Mahtani (ณัฐภัทร จี มาทานี),Thailand
8.5,6.55,6.14,4.02,9,170,3,0,Natthaphat Mahtani (ณัฐภัทร จี มาทานี),Thailand
7.94,6.55,4.02,4.02,3,173,3,0,Natthaphat Mahtani (ณัฐภัทร จี มาทานี),Thailand
6.51,5.49,5.4,4.03,2,217,4,0,Max Siauw,United States
7.27,5.49,5.56,4.03,18,847,3,1,Max Siauw,United States
6.66,5.49,6.0,4.03,11,27,2,2,Max Siauw,United States
6.05,5.49,4.48,4.03,1,140,3,0,Max Siauw,United States
6.33,5.49,5.65,4.03,2,256,4,0,Max Siauw,United States
6.53,5.49,5.72,4.03,2,239,4,0,Max Siauw,United States
6.1,5.49,5.11,4.03,1,99,3,0,Max Siauw,United States
6.56,5.49,6.06,4.03,2,66,3,0,Max Siauw,United States
6.11,5.49,4.96,4.03,1,119,3,0,Max Siauw,United States
6.78,5.49,5.55,4.03,1,115,3,0,Max Siauw,United States
6.13,5.49,5.49,4.03,1,114,3,0,Max Siauw,United States
6.7,5.49,5.88,4.03,3,153,3,0,Max Siauw,United States
6.34,5.49,5.59,4.03,1,90,3,0,Max Siauw,United States
6.26,5.49,5.21,4.03,1,38,2,0,Max Siauw,United States
6.38,5.49,5.95,4.03,1,150,3,0,Max Siauw,United States
7.87,5.49,7.75,4.03,5,144,4,0,Max Siauw,United States
7.95,6.93,6.54,4.03,2,109,3,0,Ryan Tan,Australia
7.64,6.93,7.35,4.03,1,102,3,0,Ryan Tan,Australia
8.86,6.93,7.24,4.03,11,181,4,0,Ryan Tan,Australia
6.51,6.08,5.83,4.05,1,68,3,0,Carson Widjaja,United States
7.65,6.08,6.78,4.05,30,847,3,0,Carson Widjaja,United States
8.68,6.08,6.64,4.05,26,27,1,1,Carson Widjaja,United States
6.42,6.08,5.73,4.05,1,198,4,0,Carson Widjaja,United States
6.35,6.08,6.07,4.05,2,79,3,0,Carson Widjaja,United States
7.22,6.08,6.54,4.05,2,195,4,0,Carson Widjaja,United States
6.57,6.08,4.7,4.05,1,45,3,0,Carson Widjaja,United States
6.57,6.08,6.01,4.05,2,131,3,0,Carson Widjaja,United States
6.62,6.08,5.18,4.05,1,77,3,0,Carson Widjaja,United States
6.58,6.08,5.97,4.05,2,82,3,0,Carson Widjaja,United States
6.8,6.08,6.23,4.05,3,200,3,0,Carson Widjaja,United States
6.6,6.08,4.8,4.05,1,61,3,1,Carson Widjaja,United States
6.37,6.08,5.83,4.05,1,100,3,0,Carson Widjaja,United States
6.54,6.08,5.88,4.05,1,62,3,0,Carson Widjaja,United States
6.56,6.08,5.76,4.05,1,90,3,0,Carson Widjaja,United States
7.09,6.08,6.29,4.05,1,36,3,0,Carson Widjaja,United States
6.62,6.08,6.47,4.05,2,96,3,0,Carson Widjaja,United States
6.86,5.81,5.64,4.05,2,66,3,0,Radosław Marcinek,Poland
7.61,5.81,5.58,4.05,18,1136,4,0,Radosław Marcinek,Poland
6.2,5.81,5.38,4.05,1,59,3,0,Radosław Marcinek,Poland
6.58,5.81,6.07,4.05,2,141,3,0,Radosław Marcinek,Poland
6.77,5.81,5.06,4.05,1,48,2,0,Radosław Marcinek,Poland
6.52,5.81,6.19,4.05,1,92,3,0,Radosław Marcinek,Poland
7.13,5.81,6.77,4.05,1,46,3,0,Radosław Marcinek,Poland
7.21,5.81,5.05,4.05,1,48,3,0,Radosław Marcinek,Poland
6.78,5.81,6.2,4.05,1,50,2,0,Radosław Marcinek,Poland
6.46,5.81,6.2,4.05,1,58,3,0,Radosław Marcinek,Poland
6.77,5.81,4.7,4.05,1,46,2,0,Radosław Marcinek,Poland
7.95,5.81,6.5,4.05,1,36,2,1,Radosław Marcinek,Poland
6.52,6.27,6.04,4.07,1,64,3,0,Ianis Costin Chele,Romania
6.5,6.27,5.85,4.07,8,1136,4,0,Ianis Costin Chele,Romania
6.71,6.27,5.64,4.07,1,105,3,0,Ianis Costin Chele,Romania
6.79,6.27,6.29,4.07,2,82,3,0,Ianis Costin Chele,Romania
6.58,6.27,5.23,4.07,1,40,3,0,Ianis Costin Chele,Romania
7.29,6.27,6.3,4.07,1,99,3,1,Ianis Costin Chele,Romania
6.57,6.27,6.34,4.07,1,50,3,0,Ianis Costin Chele,Romania
6.33,6.27,5.06,4.07,1,103,3,0,Ianis Costin Chele,Romania
6.99,6.27,6.06,4.07,1,25,3,0,Ianis Costin Chele,Romania
7.56,6.27,5.78,4.07,2,76,3,0,Ianis Costin Chele,Romania
7.19,6.27,6.11,4.07,1,36,3,0,Ianis Costin Chele,Romania
7.28,6.27,5.81,4.07,2,59,3,0,Ianis Costin Chele,Romania
6.27,6.27,4.07,4.07,1,32,3,1,Ianis Costin Chele,Romania
7.04,6.27,5.55,4.07,2,58,3,1,Ianis Costin Chele,Romania
8.83,7.96,7.99,4.08,9,109,3,0,Sebastian Stone,United States
8.78,7.96,7.48,4.08,8,112,3,0,Sebastian Stone,United States
8.96,7.96,7.82,4.08,6,113,3,0,Sebastian Stone,United States
8.36,7.96,7.59,4.08,58,847,3,0,Sebastian Stone,United States
8.35,7.96,7.75,4.08,2,98,3,0,Sebastian Stone,United States
8.41,7.96,8.12,4.08,13,239,4,0,Sebastian Stone,United States
9.29,7.96,7.13,4.08,15,154,3,0,Sebastian Stone,United States
8.16,7.96,6.97,4.08,2,35,3,0,Sebastian Stone,United States
8.98,7.96,7.05,4.08,8,88,3,0,Sebastian Stone,United States
9.09,7.96,7.92,4.08,7,95,3,1,Sebastian Stone,United States
8.4,7.96,7.78,4.08,3,52,3,0,Sebastian Stone,United States
8.68,7.96,7.73,4.08,2,25,2,1,Sebastian Stone,United States
8.97,7.96,7.69,4.08,10,186,3,1,Sebastian Stone,United States
8.97,7.96,4.08,4.08,5,25,3,0,Sebastian Stone,United States
10.14,7.96,7.79,4.08,20,168,2,0,Sebastian Stone,United States
8.24,7.96,6.85,4.08,5,200,3,0,Sebastian Stone,United States
10.2,7.96,8.62,4.08,19,138,2,0,Sebastian Stone,United States
10.07,7.96,8.46,4.08,8,46,3,0,Sebastian Stone,United States
10.49,7.96,7.84,4.08,15,127,4,0,Sebastian Stone,United States
9.03,7.96,7.9,4.08,18,251,2,0,Sebastian Stone,United States
9.45,7.96,7.25,4.08,22,146,2,1,Sebastian Stone,United States
10.27,7.96,7.61,4.08,15,132,3,1,Sebastian Stone,United States
6.59,5.45,5.94,4.11,1,72,3,0,Sean Patrick Villanueva,Philippines
6.43,5.45,5.9,4.11,4,171,4,0,Sean Patrick Villanueva,Philippines
5.45,5.45,5.01,4.11,1,44,1,0,Sean Patrick Villanueva,Philippines
6.41,5.45,6.09,4.11,2,74,2,1,Sean Patrick Villanueva,Philippines
6.52,5.45,5.31,4.11,2,97,2,0,Sean Patrick Villanueva,Philippines
6.94,5.45,6.24,4.11,3,121,4,0,Sean Patrick Villanueva,Philippines
6.82,5.45,5.44,4.11,1,40,3,0,Sean Patrick Villanueva,Philippines
6.38,5.45,4.8,4.11,1,34,2,0,Sean Patrick Villanueva,Philippines
6.51,5.45,5.22,4.11,2,84,3,0,Sean Patrick Villanueva,Philippines
5.99,5.45,5.02,4.11,1,44,3,0,Sean Patrick Villanueva,Philippines
6.37,5.45,5.67,4.11,1,75,3,0,Sean Patrick Villanueva,Philippines
5.96,5.45,5.33,4.11,1,71,3,0,Sean Patrick Villanueva,Philippines
6.96,5.45,4.95,4.11,2,79,2,0,Sean Patrick Villanueva,Philippines
6.18,5.45,5.66,4.11,1,44,2,0,Sean Patrick Villanueva,Philippines
7.35,5.63,6.11,4.14,3,229,4,0,Brennen Lin,Canada
7.71,5.63,7.15,4.14,15,847,4,0,Brennen Lin,Canada
7.17,5.63,6.1,4.14,14,27,2,0,Brennen Lin,Canada
7,5.63,6.92,4.14,2,172,3,0,Brennen Lin,Canada
6.96,5.63,5.93,4.14,1,152,4,0,Brennen Lin,Canada
7.2,5.63,6.11,4.14,2,298,2,0,Brennen Lin,Canada
7.6,5.63,6.56,4.14,1,72,3,0,Brennen Lin,Canada
7.17,5.94,5.97,4.15,1,234,4,0,Brendyn Dunagan,United States
6.98,5.94,5.49,4.15,13,847,4,1,Brendyn Dunagan,United States
6.98,5.94,6.23,4.15,2,117,3,0,Brendyn Dunagan,United States
7.1,5.94,6.46,4.15,2,126,3,0,Brendyn Dunagan,United States
7.23,5.94,6.47,4.15,2,92,3,0,Brendyn Dunagan,United States
6.5,5.94,5.98,4.15,2,244,3,0,Brendyn Dunagan,United States
7.56,5.94,6.14,4.15,4,183,3,0,Brendyn Dunagan,United States
6.59,5.94,5.7,4.15,1,106,3,1,Brendyn Dunagan,United States
5.74,5.53,5.26,4.16,2,337,4,1,Feliks Zemdegs,Australia
6.87,5.53,5.19,4.16,2,102,3,0,Feliks Zemdegs,Australia
6.08,5.53,4.48,4.16,1,77,3,0,Feliks Zemdegs,Australia
6.66,5.53,6.14,4.16,1,94,3,0,Feliks Zemdegs,Australia
6.22,5.53,5.93,4.16,2,382,4,0,Feliks Zemdegs,Australia
6.78,5.53,6.09,4.16,3,64,3,0,Feliks Zemdegs,Australia
5.64,5.64,5.3,4.17,2,287,4,0,Seung Hyuk Nahm (남승혁),Republic of Korea
6.69,5.64,5.63,4.17,10,847,4,1,Seung Hyuk Nahm (남승혁),Republic of Korea
6.25,5.64,5.12,4.17,3,171,4,0,Seung Hyuk Nahm (남승혁),Republic of Korea
6.23,5.64,5.28,4.17,1,45,1,0,Seung Hyuk Nahm (남승혁),Republic of Korea
5.9,5.64,4.26,4.17,1,190,2,0,Seung Hyuk Nahm (남승혁),Republic of Korea
6.4,5.64,5.16,4.17,1,231,3,0,Seung Hyuk Nahm (남승혁),Republic of Korea
6.56,5.64,5.61,4.17,1,161,2,0,Seung Hyuk Nahm (남승혁),Republic of Korea
6.65,5.64,5.43,4.17,1,170,3,0,Seung Hyuk Nahm (남승혁),Republic of Korea
7.63,5.64,6.24,4.17,2,235,3,0,Seung Hyuk Nahm (남승혁),Republic of Korea
6.8,5.64,6.22,4.17,2,119,3,0,Seung Hyuk Nahm (남승혁),Republic of Korea
6.29,5.64,5.62,4.17,1,276,3,0,Seung Hyuk Nahm (남승혁),Republic of Korea
6.84,6.0,6.32,4.19,3,324,4,0,Riley Dexter,Australia
6.38,6.0,5.48,4.19,2,77,3,1,Riley Dexter,Australia
6.56,6.0,5.62,4.19,3,382,4,1,Riley Dexter,Australia
9.33,7.46,7.76,4.24,26,287,3,0,Agustín Mera Landa,Chile
8.16,7.46,7.03,4.24,3,55,2,0,Agustín Mera Landa,Chile
8.75,7.46,6.99,4.24,4,38,3,1,Agustín Mera Landa,Chile
8.42,7.46,8.09,4.24,3,29,3,0,Agustín Mera Landa,Chile
8.43,7.46,6.73,4.24,3,62,3,0,Agustín Mera Landa,Chile
9.93,7.46,6.98,4.24,6,46,3,0,Agustín Mera Landa,Chile
8.36,7.46,7.66,4.24,3,39,3,0,Agustín Mera Landa,Chile
8.38,7.46,6.81,4.24,3,55,3,0,Agustín Mera Landa,Chile
8.53,7.46,7.77,4.24,3,46,3,0,Agustín Mera Landa,Chile
8.13,7.46,7.26,4.24,3,46,3,0,Agustín Mera Landa,Chile
8.56,7.46,4.24,4.24,3,39,3,0,Agustín Mera Landa,Chile
7.46,7.46,6.89,4.24,2,76,3,0,Agustín Mera Landa,Chile
8.14,7.11,7.73,4.24,6,144,3,0,Magdalena Pabisz,Poland
7.4,7.11,5.94,4.24,4,66,3,0,Magdalena Pabisz,Poland
7.25,7.11,6.85,4.24,30,1136,3,0,Magdalena Pabisz,Poland
7.53,7.11,6.62,4.24,3,59,3,1,Magdalena Pabisz,Poland
8.43,7.11,7.77,4.24,8,141,3,0,Magdalena Pabisz,Poland
7.78,7.11,7.1,4.24,5,48,2,0,Magdalena Pabisz,Poland
7.33,7.11,6.68,4.24,3,92,3,0,Magdalena Pabisz,Poland
7.44,7.11,7.27,4.24,3,48,3,0,Magdalena Pabisz,Poland
8.09,7.11,6.4,4.24,4,50,2,0,Magdalena Pabisz,Poland
7.58,7.11,5.45,4.24,1,58,3,0,Magdalena Pabisz,Poland
8.07,7.11,4.24,4.24,5,58,3,0,Magdalena Pabisz,Poland
6.71,5.57,6.01,4.24,2,166,3,1,Patrick Ponce,United States
6.38,5.57,5.45,4.24,3,97,3,1,Patrick Ponce,United States
6.47,5.57,5.2,4.24,6,1136,4,0,Patrick Ponce,United States
6.6,5.57,5.81,4.24,1,190,3,0,Patrick Ponce,United States
6.86,5.57,5.95,4.24,1,60,3,0,Patrick Ponce,United States
6.2,5.57,5.39,4.24,2,183,3,0,Patrick Ponce,United States
5.97,5.57,5.3,4.24,1,129,3,1,Patrick Ponce,United States
7.09,5.57,5.47,4.24,2,178,3,0,Patrick Ponce,United States
6,5.57,5.17,4.24,1,182,4,0,Patrick Ponce,United States
6.22,5.39,4.7,4.26,1,63,3,0,Dylan Miller,United States
6.33,5.39,5.55,4.26,1,67,3,0,Dylan Miller,United States
6.77,5.39,5.87,4.26,3,182,4,0,Dylan Miller,United States
7.47,5.39,5.95,4.26,26,847,3,0,Dylan Miller,United States
6.2,5.39,5.25,4.26,4,27,3,0,Dylan Miller,United States
6.18,5.39,5.22,4.26,2,140,3,0,Dylan Miller,United States
6.12,5.39,5.54,4.26,1,56,3,1,Dylan Miller,United States
5.72,5.39,4.36,4.26,1,359,4,0,Dylan Miller,United States
6.6,5.39,5.33,4.26,1,76,3,0,Dylan Miller,United States
6.43,5.39,5.81,4.26,2,152,3,0,Dylan Miller,United States
6.27,5.39,5.93,4.26,1,88,3,0,Dylan Miller,United States
5.99,5.39,5.27,4.26,1,89,3,0,Dylan Miller,United States
6.32,5.39,5.19,4.26,1,56,2,1,Dylan Miller,United States
6.9,5.39,5.65,4.26,1,184,4,0,Dylan Miller,United States
5.83,5.39,4.46,4.26,1,41,3,0,Dylan Miller,United States
6.15,5.39,5.29,4.26,1,128,4,0,Dylan Miller,United States
6.24,5.39,5.86,4.26,1,105,3,0,Dylan Miller,United States
6.1,5.39,5.05,4.26,1,94,3,1,Dylan Miller,United States
6.27,5.39,5.29,4.26,1,52,3,0,Dylan Miller,United States
6.96,5.6,5.33,4.26,1,120,2,0,Kyle Santucci,Canada
5.64,5.6,5.22,4.26,1,135,3,0,Kyle Santucci,Canada
6.46,5.6,5.94,4.26,5,1136,4,0,Kyle Santucci,Canada
6.2,5.6,5.97,4.26,5,847,4,0,Kyle Santucci,Canada
6.13,5.6,5.54,4.26,1,118,2,0,Kyle Santucci,Canada
6.49,5.6,5.9,4.26,1,63,2,0,Kyle Santucci,Canada
6.19,5.6,5.68,4.26,1,32,3,0,Kyle Santucci,Canada
6.43,5.6,5.88,4.26,1,118,2,0,Kyle Santucci,Canada
6.56,5.6,5.6,4.26,1,81,3,1,Kyle Santucci,Canada
6.25,5.6,5.46,4.26,1,143,3,0,Kyle Santucci,Canada
7.12,5.6,5.12,4.26,1,116,2,1,Kyle Santucci,Canada
6,5.6,5.52,4.26,1,106,2,1,Kyle Santucci,Canada
6.28,5.6,5.48,4.26,1,118,1,0,Kyle Santucci,Canada
6.73,5.6,4.35,4.26,1,144,4,0,Kyle Santucci,Canada
6.72,5.81,5.77,4.28,6,139,3,0,Kaichen Huang (黄楷宸),China
7.29,5.81,6.13,4.28,9,272,4,0,Kaichen Huang (黄楷宸),China
7.76,5.81,5.94,4.28,14,217,3,0,Kaichen Huang (黄楷宸),China
5.81,5.81,4.98,4.28,2,166,3,0,Kaichen Huang (黄楷宸),China
6.25,5.81,5.56,4.28,5,138,3,0,Kaichen Huang (黄楷宸),China
6.34,5.58,5.88,4.28,6,192,3,0,Lingkun Jiang (姜凌坤),China
6.98,5.58,5.25,4.28,6,144,3,0,Lingkun Jiang (姜凌坤),China
6.78,5.58,6.61,4.28,9,217,3,1,Lingkun Jiang (姜凌坤),China
6,5.58,5.08,4.28,2,127,3,0,Lingkun Jiang (姜凌坤),China
6.34,5.58,4.42,4.28,6,190,3,0,Lingkun Jiang (姜凌坤),China
6.47,5.58,5.82,4.28,5,166,3,0,Lingkun Jiang (姜凌坤),China
6.42,5.58,4.57,4.28,5,135,3,0,Lingkun Jiang (姜凌坤),China
6.11,5.58,4.68,4.28,4,138,3,0,Lingkun Jiang (姜凌坤),China
6.56,5.58,5.13,4.28,4,191,3,0,Lingkun Jiang (姜凌坤),China
6.26,5.58,5.89,4.28,5,187,3,0,Lingkun Jiang (姜凌坤),China
5.75,5.58,5.44,4.28,1,193,3,0,Lingkun Jiang (姜凌坤),China
5.83,5.58,5.39,4.28,5,155,3,0,Lingkun Jiang (姜凌坤),China
6.41,5.24,4.58,4.31,1,77,3,0,Leo Borromeo,Philippines
5.27,5.24,5.03,4.31,1,51,3,0,Leo Borromeo,Philippines
7.11,5.24,5.6,4.31,7,171,4,1,Leo Borromeo,Philippines
6.63,5.24,4.89,4.31,1,49,3,1,Leo Borromeo,Philippines
5.85,5.24,5.29,4.31,1,43,3,0,Leo Borromeo,Philippines
6.94,6.19,5.78,4.32,3,151,3,1,Nancy Liu,United States
7.15,6.19,6.85,4.32,4,239,4,0,Nancy Liu,United States
7.51,6.19,5.55,4.32,4,117,3,0,Nancy Liu,United States
7.21,6.19,6.21,4.32,3,126,3,0,Nancy Liu,United States
8.18,6.19,6.46,4.32,5,244,3,0,Nancy Liu,United States
7.92,6.19,6.24,4.32,2,168,3,0,Nancy Liu,United States
7.26,6.19,6.18,4.32,3,112,4,0,Nancy Liu,United States
7.19,6.19,5.58,4.32,3,183,3,0,Nancy Liu,United States
7.22,6.19,5.95,4.32,2,99,3,0,Nancy Liu,United States
7.07,6.19,5.4,4.32,2,168,3,0,Nancy Liu,United States
7.48,6.07,5.15,4.32,1,98,3,0,Sebastian Weyer,Germany
6.86,6.07,5.7,4.32,3,112,3,0,Sebastian Weyer,Germany
7.09,6.07,6.6,4.32,22,1136,3,0,Sebastian Weyer,Germany
6.52,6.07,5.64,4.32,5,206,4,0,Sebastian Weyer,Germany
6.49,6.07,5.01,4.32,1,77,3,0,Sebastian Weyer,Germany
6.87,6.07,6.65,4.32,2,159,4,0,Sebastian Weyer,Germany
6.71,6.07,6.32,4.32,1,95,3,0,Sebastian Weyer,Germany
6.43,6.07,6.11,4.32,3,111,3,0,Sebastian Weyer,Germany
7.67,6.07,6.58,4.32,2,100,3,0,Sebastian Weyer,Germany
7.34,6.07,6.36,4.32,2,132,4,0,Sebastian Weyer,Germany
6.78,6.07,5.76,4.32,4,280,4,0,Sebastian Weyer,Germany
7.17,6.07,6.46,4.32,2,76,3,0,Sebastian Weyer,Germany
7.45,6.07,6.16,4.32,1,45,3,0,Sebastian Weyer,Germany
6.58,6.07,6.11,4.32,1,109,3,0,Sebastian Weyer,Germany
7.07,6.07,6.35,4.32,3,138,4,0,Sebastian Weyer,Germany
7.65,6.62,5.68,4.33,1,77,3,1,Ciarán Beahan,Ireland
7.13,6.62,6.47,4.33,25,1136,3,0,Ciarán Beahan,Ireland
8.35,6.62,6.65,4.33,17,206,4,0,Ciarán Beahan,Ireland
7.18,6.62,5.42,4.33,2,202,4,0,Ciarán Beahan,Ireland
7.96,6.62,6.45,4.33,3,86,3,0,Ciarán Beahan,Ireland
7.63,6.62,6.9,4.33,2,107,3,0,Ciarán Beahan,Ireland
6.7,6.62,6.27,4.33,1,29,2,0,Ciarán Beahan,Ireland
8.28,6.62,6.43,4.33,4,87,3,1,Ciarán Beahan,Ireland
7.93,6.62,6.74,4.33,2,85,3,0,Ciarán Beahan,Ireland
6.83,6.62,5.97,4.33,1,97,3,0,Ciarán Beahan,Ireland
7.28,6.62,6.31,4.33,1,120,3,0,Ciarán Beahan,Ireland
7.65,6.62,7.35,4.33,11,280,2,0,Ciarán Beahan,Ireland
6.68,6.62,6.5,4.33,1,98,3,0,Ciarán Beahan,Ireland
7.18,6.62,6.3,4.33,1,92,3,0,Ciarán Beahan,Ireland
7.06,6.62,6.15,4.33,1,98,3,0,Ciarán Beahan,Ireland
7.99,6.62,6.84,4.33,1,94,1,0,Ciarán Beahan,Ireland
7.89,6.62,6.07,4.33,2,97,3,0,Ciarán Beahan,Ireland
7.01,6.62,6.62,4.33,1,78,3,0,Ciarán Beahan,Ireland
6.21,5.56,5.42,4.33,5,192,3,0,Zhaokun Li (李昭昆),China
5.88,5.56,5.55,4.33,1,127,3,0,Zhaokun Li (李昭昆),China
6.23,5.56,5.55,4.33,5,190,3,0,Zhaokun Li (李昭昆),China
6.22,5.56,5.44,4.33,3,166,3,0,Zhaokun Li (李昭昆),China
6.55,5.56,5.27,4.33,6,135,3,0,Zhaokun Li (李昭昆),China
6.15,5.56,5.33,4.33,3,281,3,0,Zhaokun Li (李昭昆),China